{
  "project_info": {
    "project_number": "362516250042",
    "project_id": "foodwaste-c862a",
    "storage_bucket": "foodwaste-c862a.appspot.com"
  },
  "client": [
    {
      "client_info": {
        "mobilesdk_app_id": "1:362516250042:android:530e3d667180fce91c7183",
        "android_client_info": {
          "package_name": "com.brics.foodwaste"
        }
      },
      "oauth_client": [
        {
          "client_id": "362516250042-8b79t2b6di20d648ied60089l0itghqa.apps.googleusercontent.com",
          "client_type": 3
        }
      ],
      "api_key": [
        {
          "current_key": "AIzaSyB_Kmaw4OHv1UECzWy7G24BoTWsDN78EUo"
        }
      ],
      "services": {
        "appinvite_service": {
          "other_platform_oauth_client": [
            {
              "client_id": "362516250042-8b79t2b6di20d648ied60089l0itghqa.apps.googleusercontent.com",
              "client_type": 3
            }
          ]
        }
      }
    }
  ],
  "configuration_version": "1"
}